Auteur,Date,Commentaire,Note
JULIE,2024-12-11,agreables a porter et bon amorti,5
PIERRETTE,2024-12-11,bon produit,5
VANESSA,2024-12-10,bon rapport qualite prix,5
JEAN CHARLES,2024-12-10,tiens bien au pied,5
BARBARA,2024-12-10,utilisee pour la salle de sport et sur tapis de course ces chaussures assurent un bon maintien,5
VIRGINIE,2024-12-09,semelle dure materiaux passables pour la transpiration,3
NADINE,2024-12-10,achetees pour le travail debout h par jour parfait,5
Florence,2024-12-09,sa fait longtemps que je prend ce modele et j en suis tres contente,5
Margaux,2024-12-09,chaussures pas cher et qui fait le taf pour commencer la course a pied,5
Pascale,2024-12-08,non seulement de glisser sur sol mouille la semelle nadhere pas sur beaucoup de surfaces parisiennes,3
Odette,2024-12-08,tres beau design sa agripe bien sur les montees meme sur lherbe je recommande vivement,5
Ilef,2024-12-07,tres satisfaite,5
Emmanuelle,2024-12-07,semelle tres glissante sur sol humide type macadam bord trottoir,1
Sandrine,2024-12-07,super produit,5
Carine,2024-12-07,chaussures parfaites pour moi qui suis debutante rapport qualiteprix tres bien je recommande,5
Karine,2024-12-06,article tres confortable,5
Nathalie,2024-12-06,chaussures tres confortable,5
BORIS,2024-12-06,apres plusieurs minutes dutilisation une gene importante est apparue au niveau de louverture dune des baskets pourtant je navais rien ressenti au moment de lessayage avant achat je recommande le produit mais avec reserve,3
Corinne,2024-12-06,je ne les utilise pas pour le sport,5
maite,2024-12-06,le vendeur m as tres mal renseigne je voulais des chaussures pour une marche rapide qui ne glissent pas il mas conseille celle ci qui glissent enormement,1
oliver,2024-12-05,ras,5
Joëlle,2024-12-05,tres bon rapport qualite prix chaussure confortable et look sympa je conseille,5
Eric,2024-12-05,utilisees par ma fille celleci a souhaite racheter les memes lorsque la premiere paire a ete trop petite,5
Evelyne,2024-12-05,tres bon je suis satisfaite petit bemol les semelles glissent en temps de pluie a ne pas utiliser pour la course sous la pluie,5
Patricia,2024-12-05,jaimerais dautres couleurs,5
Florine,2024-12-04,top pour la marche,5
Monique,2024-12-04,tres bon produit bon rapport qualite prix,5
Aurélie,2024-12-03,non rapport qualite prix je les utilise pour des footing de km et assez respirantes,5
annick,2024-12-03,bravo super vendeuse,5
JOCELYNE,2024-12-03,confortable,4
Myriam,2024-12-02,je pensais avoir plus daccroche au sol,5
Isabelle,2024-12-02,parfaites,5
BEATRICE,2024-12-01,bon produit,4
Karine,2024-12-01,bon rapport qualite prix,5
severine,2024-12-02,j achete toujours cette paire pour le travail ou je pietine beaucoup par contre elles ont beaucoup augmente par rapport a mon precedent achat,4
Ed,2024-11-30,cela fait plusieurs fois que je les achete car pas trop cher mais a chaque fois elles se trouent sur le dessus c est dommage,3
fabien,2024-11-30,jai repris exactement les memes chaussures que jai depuis plusieurs annees mais les lacets deviennent de plus en plus petit a chaque fois que jen achete des nouvelles on peut a peine les faire sinon tres confortable,3
CHRISTINE,2024-11-30,bon produit,5
Alain,2024-11-30,tres bon rapport qualite prix,5
georges,2024-11-30,entiere satisfaction,5
Johnny,2024-11-29,achat pour marche,5
Magali,2024-11-28,bonne tenue souple legere,5
Virginie,2024-11-26,bien,5
Roselyne,2024-11-26,tres joli mais jai eu les dessous de pieds brules et des ampoules en faisant mon sport mise une seule dommage un achat qui ne me sers a rien,2
COLETTE,2024-11-26,article correspondant a mes attentes,5
CHRISTIANE,2024-11-25,je les adore elles sont jolies et tres confortable,5
VERONIQUE,2024-11-23,acheter pour reeducation apres fracture genou cheville,5
CLAUDE,2024-11-23,correspond a mes attentes,5
NICOLE,2024-11-22,baskets souples et confortables,5
FABIENNE,2024-11-22,tres satisfaite pour le quotidien,4
GAEL,2024-11-22,repond au besoin,4
Véronique,2024-11-22,utilisation pour mon job les chaussures sont legeres et tres confortables pieds preserves,5
Astrid,2024-11-22,un peu trop raide,5
Audrey,2024-11-21,tres jolies et bon grip,4
FLORENCE,2024-11-21,tres satisfaite de ces baskets,5
Stéphane,2024-11-20,bon produit,5
Sylvie,2024-11-19,super confortable,5
MAGALIE,2024-11-19,super leger et agreable pour toutes occasions,5
ELIANE,2024-11-19,confortable et bon maintient,5
NATHALIE,2024-11-18,tres bon produit et jolie design je recommande,5
ARNAUD,2024-11-18,bon rapport qualiteprix bonne stabilite et bon maintien,4
CELINE,2024-11-18,je men sert pour faire les cours collectifs et les randonnees exterieures jen suis tres contente,4
emmylou,2024-11-16,bon produit laccroche et le confort sont la les couleurs ne sont pas trop a notre gout mais cetait la seule paire qui correspondait a nos criteres et a notre budget,4
Beatrice,2024-11-16,bon rapport qualite prix,4
JEAN CLAUDE,2024-11-15,qualite prix correct,5
STEVE,2024-11-14,ideales pour marche quotidienne meme pour les randonnees jusqua kms,5
Catherine,2024-11-14,bonne chaussure pour terrain plat je nai pas teste sur longue distance,5
Nicolas,2024-11-13,bonnes chaussures pour commencer le running,5
PIERRE,2024-11-12,correspond a mon besoin personnelle,5
Wahiba,2024-11-12,je les utilise fois par semaine pour du step et parfaite bon maintien et bon amorti,5
ANNICK,2024-11-12,elles me servent tous les jours super produit,5
Nicolas,2024-11-11,la semelle manque un peu daccroche sur certains sols lisses quand ils sont mouilles le maintien est satisfaisant et le confort correct,5
Martine,2024-11-11,javais les mm il y a ans que jai use ou presque je narrive pas a les jeter jai repris le mm modele xt pour le maintien les semelles interieur la legerete laccroche marche nature terre etc tres tres bon produit et jai fait enormement de sport dont des exped au loin,5
samia,2024-11-10,je rachete chaque fois la meme marque je recommande,4
Corinne,2024-11-10,jutilise ces chaussures pour la vie de tous les jours et jen suis tout a fait satisfaite je les ai depuis mois et elles sont toujours en parfait etat je les utilise aussi ponctuellement pour des balades aucun probleme,5
Catherine,2024-11-09,tres bonne chaussures,5
Sylvie,2024-11-09,chaussures tres confortables qui passent partout,5
Stephanie,2024-11-08,parfait pour la course a pied fois par semaine,5
marion,2024-11-08,respirabilite et confort,5
JOLANTA,2024-11-07,produits teste sur une course a pied de km tres confortable aucun souci apres cette distance,5
Martial,2024-11-07,chaussures agreables a porter mais je trouve quelles ont tendance a suser un peu vite peutetre que je fais trop de kilometres avec,5
Marlene,2024-11-07,ras,4
Isabelle,2024-11-07,glissant sur sol mouille,4
Apolline,2024-11-07,je les porte plusieurs fois par semaine pour de la marche depuis plus dun an et franchement elles sont super confortable bon amorti super rapport qualiteprix en revanche elles ne sont pas impermeable mais pour le prix cest parfait,5
Philippe,2024-11-06,utilise pour de la marche rapide et footing light bon confort bon maintien,5
Isabelle,2024-11-06,bon rapport qualite prix conseil avec le sourire de la vendeuse,4
PATRICIA,2024-11-06,decu du produit achete en juin et l arriere de la chaussure interieur ce dechire deja,2
Yohan,2024-11-05,look et tres souple,5
JEAN LOUIS,2024-11-05,article conforme a mon attente,5
Vincent,2024-11-04,parfait,4
Valerie,2024-11-03,tres bien,5
Lucile,2024-11-03,tres bon produit pour debuter le trail,5
MIREILLE,2024-11-02,chaussures achetees pour des seances de gym et pour de petites balades sur route ou chemin de terre,5
CHRISTINE,2024-11-01,excellent produit tres plaisant a porter,5
Brigitte,2024-10-31,bon produit adapte a une large gamme de sports,4
Laurent,2024-10-31,jai achete ces chaussures pour faire de la marche active en plaine je nose plus les utiliser par temps humide car elles sont trop glissantes et jai peur de tomber,2
tiphaine,2024-10-30,content de lachat,5
Mylene,2024-10-29,tres confortable,5
Claire,2024-10-28,utilise au parkour tres bonnes chaussures,5
Corinne,2024-10-28,malgre un lassage tres detendu j ai des fourmis qui apparaissent rapidement j espere que ca va s ameliorer,3
Chantal,2024-10-28,achat de la meme paire de chaussure cela me convient,5
Charlotte,2024-10-27,bien pour debuter,4
Emma,2024-10-28,lacet trop court,2
Alexandra,2024-10-27,tres contente de mon achat,5
Céline,2024-10-27,bon rapport qualite prix utilisees en salle et en marche rapide legere bonne accroche,5
Magali,2024-10-26,jai du prendre tailles au dessus sinon la couture appuyait sur mon hallux valgus et me faisait mal sans etre en activite lors de mon er footing leger douleur legere au mollet et ampoule au niveau du talon haut de la chaussure a voir avec le temps pour linstant pas convaincue,3
Sarah,2024-10-26,super rapport qualite prix je recommande jadore la couleur,5
Isabelle,2024-10-26,maintien bien le pied tres legere,5
muriel,2024-10-25,essayer c est l adopte,5
Audrey,2024-10-25,ideale pour le running ou la marche confortables et legeres,5
Nicolas,2024-10-25,bon maintien confortable,5
veronique,2024-10-25,tres bien chaussures legeres,5
Edith,2024-10-24,ce produit est tres confortable jai pris une pointure audessus de la mienne je men sers pour la marche et pour de petits footing ce produit fait vraiment laffaire pour un coureur moyen qui veut faire quelques kilometres dans la semaine bon rapport qualite prix,5
Mohamed Abderahmane,2024-10-24,excellent produit,5
MARIE HELENE,2024-10-24,japprecie sa couleur japprecie la forme pas allongee japprecie son accroche japprecie son prix pour du sport a intensite moderee,4
Christophe,2024-10-23,ma fille lutilise pour le sport au college et elle est completement satisfaite,5
Isabelle,2024-10-23,jachete ce modele car le maintien est bien pour baskets de sport au lycee et tarif moindre par rapport aux autres modeles le tarif a toutefois augmente de euros en une seule fois cest quand meme excessif surtout que la paire de baskets na pas evolue dans la forme prendre une pointure au dessus de la sienne pour etre bien,5
adeline,2024-10-22,parfait pour les balades,5
Eric,2024-10-22,bonne chaussures avec un bon amorti pour debuter la course a pied,5
Elodie,2024-10-22,notre filles est ravie de ces basket tres confortables,5
Damien,2024-10-21,bonne basket confortable,5
Christelle,2024-10-20,chaussures parfait pour faire de la course a pied agreable a porter maintient bien le pied et chaussures legeres je suis tres satisfaite de mon achat et je recommande,5
Anne marie,2024-10-20,elles sont tres confortables legeres et surtout courent vite apres mes petits fils je recommande,5
Jean-philippe,2024-10-20,tres bon maintien dans les chaussures bonne adaptation au pied large l amorti est suffisant pour une reprise de la course a pied en douceur,5
Emy,2024-10-20,je men sers comme chaussures pour la marche sportive elles sont vraiment top lamorti est vraiment bien elles ne compriment pas les pieds et ont un look passe partout que demandez de mieux,5
PHILIPPE,2024-10-19,bien pour faire des petites sorties et des marches en campagne,4
bruno,2024-10-19,confortable ma fille les adore,5
GREGORY,2024-10-19,tres bon produit agreable a porter bon amorti je recommande ce produit,5
karine,2024-10-18,nickel tient bien au pied et au sol,5
Carole,2024-10-18,javais deja eu ce modele dans une autre couleur je suis tres satisfaite de ce produit kalenji,5
Valerie,2024-10-17,legeres bon rapport qualite prix,5
NATHALIE,2024-10-17,utilisees en salle parfait maintient,5
Patricia,2024-10-17,je suis satisfaite de mon achat et je recommande,5
NATHALIE,2024-10-16,il me manque la petite boucle a larriere pour enfiler le talon cest dommage,5
Bland,2024-10-16,tres bon produit un maintient parfait chaussures legeres et bon accroche meme sur les chemins de campagne tres bon rapport qualite prix,5
florence,2024-10-16,bon rapport qualiteprix,4
jean-guy,2024-10-15,ras,5
Catherine,2024-10-14,apres quelques utilisations un leger trou se forme deja au niveau du pouce je suis decue du peu de durabilite du produit je ne recommande pas,2
Christine,2024-10-14,bien pour le prix manque dadhesion sur le bout du pied voir avec le temps peut sameliorer chaussures encore neuves,4
Valérie,2024-10-13,super pour le sport,5
Béatrice,2024-10-13,bonne basquette bon rapport qualite prix on est tres bien dedans,5
Yanko,2024-10-13,ok,5
françoise,2024-10-12,super chaussures tres agreables a porter tres satisfaite de cet achat,5
Michael,2024-10-12,tres bon rapport qualite prix,5
Nathalie,2024-10-12,bon maintien du pied agreables a porter glissantes sur sol mouille,4
Céline,2024-10-11,super basic pour mes a courses dans la semaine en tout cas pour debuter zero douleur compare a une paire achete pres de euros pour me retrouver avec des cloques sous la voute plantaire au bout de min de course,5
GENEVIEVE,2024-10-10,baskets confortable avec un bon amorti je travaille toute la journee avec et franchement tres bien,5
JOCELYNE,2024-10-10,chaussure tres sympa par le look agreable et confortable,5
Sophie,2024-10-10,tres confortable et legere,4
Dominique,2024-10-10,le seul reproche est la mauvaise qualite de la toile puisque celleci se perce au niveau des gros orteils malgre des soins de pedicure,1
monica,2024-10-09,bonne calite,5
CHRISTIAN,2024-10-09,bon produit de bonne qualite,4
Marine,2024-10-08,amorti bien les pb de genoux,5
Mouhcine,2024-10-08,tres pratique,5
emilie,2024-10-08,bien,4
VALERIE,2024-10-08,ravie de mon achat utilisation des chaussures sans aucun probleme je recommande,5
Thomas,2024-10-07,pour du sport en interieur elles sont tres confortables,5
Florent,2024-10-06,portees au quotidien pour les petites sorties,4
SYLVIANE,2024-10-06,conforme produit satisfaisant,5
GERALDINE,2024-10-06,tres confortable bon maintien,5
Charline,2024-10-06,adaptees pour chemins en foret nature trail mais pas adaptees pour courir sur route,5
LYSIANE,2024-10-06,confortables et legeres,5
Josephine,2024-10-05,tres agreable et tres confortable,5
claire,2024-10-05,parfait pour marcher tous les jours,5
Annie,2024-10-05,correspond au produit annonce je le recommande,5
Regine,2024-10-04,ma troisieme paire,5
Lucile,2024-10-04,achat tout recent mais tout a fait satisfaite de ma premiere sortie,5
Didier,2024-10-04,excellent rapport qualiteprix tres jolie couleur,5
Eleonore,2024-10-04,chaussures utilisees pour courir sur sentier et un peu de route tres confortables et legeres a voir dans la duree,4
sylvie,2024-10-04,jutilise pour de la marche rapide h environ fois par semaine semelle et amorti tres agreable je ne cours pas jen suis tres contente pour mon utilisation,4
Richard,2024-10-04,impeccable,5
Sabine,2024-10-04,parfait,5
Ghislaine,2024-10-03,tres confortable achat pour la marche de tous les jours en ville ou sur chemin porteuse dune prothese de jambe ce modele est leger et surtout na pas ou peu de talon cest super,5
Déborah,2024-10-03,elles tiennent bien aux pieds et amortissent les chocs propos de ma fille utilisatrice de ans,5
Philippe,2024-10-03,look sympa par contre au niveau de la pointure cest soit un peu petit ou un peu trop grand mais dans l ensemble cest correct vu le prix,3
Michelle,2024-10-03,tres bon produit,5
michel,2024-10-01,ras,5
CLAUDETTE,2024-10-01,super,5
Richard,2024-09-30,tres bien jen suis tres contente,5
Lil,2024-09-30,tres bien,5
Annie,2024-09-30,un peu large pour moi,4
DOLORES,2024-09-30,tres bon produit souple respirantagreable a porter,5
YOHAN,2024-09-30,basket randonnee tres bien,5
Geraldine,2024-09-30,achetees en jen reprends aujourdhui car elles sont usees je marche beaucoup avec jespere que la qualite du produit est la meme quil y a deux ans lavage en machine sechage rapide legeres confortable,5
Nicolas,2024-09-29,les lacets tiennent tres bien pas besoin de les refaire tous les metres,5
CLAUDINE,2024-09-29,bon rapport qualite prix,3
GAELLE,2024-09-29,tres bon produit,5
Les Touranselles,2024-09-29,baskets ideales pour les cours deps de bonne qualite et confortable selon la fille,5
VERONIQUE,2024-09-29,je les utilise depuis mois uniquement pour marcher en ville je ne fais pas de sport avec or elles sont deja tres abimees le bout qui se decolle le dessin aui se decolle aussi je suis tres decue par cet article,2
Daniel,2024-09-29,tres bon produit,5
Stephanie,2024-09-28,tres confortables et efficaces mais je trouve que les crans susent un peu trop rapidement cela reste neanmoins dun tres bon rapport qualite prix,4
Adeline,2024-09-28,tres bien,5
Veronique,2024-09-28,tres bien,5
Michel,2024-09-28,decu par la qualite et le prix,3
Aude,2024-09-30,bonjour amorti agreable a porter,5
Mickael,2024-09-27,correct chaussure agreable,5
FLORENCE,2024-09-27,satisfaite de ces baskets,5
Linda,2024-09-26,parfait,5
Christian,2024-09-26,chaussures confortables legeres et elegantes adaptees aussi pour fitness en salle de sport a linterieur,5
Agnes,2024-09-26,confortable bon maintien,5
Caroline,2024-09-25,tres bonnes chaussures ce nest pas ma premiere paire pour etre plus a laise jai pris une pointure de plus,5
LEA,2024-09-25,deuxieme paire du type que jachete la precedente a tenu ans bon grip bonne tenue assez respirable amorti correct niquel pour marcher moins pour courir,5
MARJORIE,2024-09-24,parfait pour le running et la marche,5
Elodie,2024-09-23,bonne adherence et bonne flexibilite,5
irene,2024-09-22,nickel,5
Aurelia,2024-09-22,parfaite pour la course sur tapis tres jolie jaime beaucoup,5
Frédéric,2024-09-22,ras,5
Isabelle,2024-09-21,chaussures de ma fille pratique pour le sport mais aussi pour tout les jours,5
Isabelle,2024-09-21,jachete depuis plusieurs annees ce modele pour faire de la marche aussi bien dans les bois que sur du plat ou du bitume souffrant dun probleme de voute plantaire jai peine a trouver un modele adapte ces chaussures sont parfaites pour moi,5
THIBAULT,2024-09-21,eme paire que j achete tres bon rapport qualite prix,5
Frederique,2024-09-21,bon maintien mais tige peu souple a voir avec le tps,5
Isabelle,2024-09-20,chaussure de sport confortable qui accroche bien au sol le look va avec bcp de tenues et elles sont tres confortables jaime bcp le maintien du pied,5
EDITH,2024-09-20,confortables contente de mon achat,5
Inès,2024-09-20,chaussures de sport femme,5
Fatima,2024-09-18,tres bon produit,5
clement,2024-09-18,confortable,5
melanie,2024-09-18,juste pris une taille au dessus,5
Patricia,2024-09-17,agreable a porter,5
Bruno,2024-09-16,tres bien pour une initiation au running,5
Karine,2024-09-15,legere et bon amorti,5
Muriel,2024-09-15,confortable pour la marche legere bon amorti,5
Michel,2024-09-14,je connais ces chaussures et cest la eme paire que jachete elles me servent principalement pour marcher dans des terrains plutot caillouteux jen suis tres contente,4
RICHARD,2024-09-14,excellent rapport qualite prix tres bon produit,5
linda,2024-09-14,par temps de pluie elles glissent dommage a voir dans le temps pour la qualite car je marche enormement,5
Patricia,2024-09-14,tres confortable,5
dominique,2024-09-13,jutilise ces chaussures pour ma vie de tous les jours,4
Corinne,2024-09-13,cest la eme paires que jachete je les trouve tres bien et confortables,5
Sylvie,2024-09-13,basket de tres bonne qualite agreable a porte,5
Delphine,2024-09-13,tres confortables,5
GERALDINE,2024-09-13,chaussures tres confortable,5
david,2024-09-11,tres bonne chaussure de running pour ma fille de ans,5
Christelle,2024-09-11,bonjour ces chaussures nauront duree que semaines avant de laisser apparaitre un trou au niveau du gros orteil produit de mauvaise qualite,1
Delphine,2024-09-09,pratique au quotidien semelle antiglisse appreciable,5
JACKIE,2024-09-08,parfait pour courir avec mon chien,5
Ludivine,2024-09-10,ras,3
Christelle,2024-09-08,tres agreable,5
Camille,2024-09-08,pas tres cher mais pas adapte pour du running douleurs au talon peu damorti,2
Sandrine,2024-09-08,confortables et look sympa,5
MANUEL,2024-09-08,super,5
Françoise,2024-09-07,produit au top pour la marche,5
REGINE,2024-09-06,tres confortable pour tous les jours,5
ISABELLE,2024-09-05,elles sont agreables a porter et legeres,4
FRANCOISE,2024-09-05,chaussures tres legeres et confortables,5
Amanda,2024-09-04,tres satisfaite et eme fois en ans que je les rachete,5
Stéphanie,2024-09-04,achetees pour courir occasionnellement donc tres peu portees et commencent deja a se trouer au bout du pied,3
Cecile,2024-09-03,tres bon produit bon rapport qualite prix,5
MARYSE,2024-09-02,utilisees pour mentrainer en endurance et en vitesse sur tapis confortable bon amorti,4
Marie-Laure,2024-09-01,semelle avec accroche ideal pour tout terrain,5
Sandrine,2024-09-03,pour sport en exterieur,5
Florent,2024-08-31,choisies par ma fille elle ne les quittent plus,5
CHANTAL,2024-08-30,bon rapport qualite prix,5
Sylvie,2024-08-29,produit peu cher mais qui ne durera pas dans le temps si vous marchez tous les jours je ne le recommande pas dans ce cas la le renfort du bout netant pas assez etendu la toile commence deja a se percerdommage elles sont vraiment confortables,3
CEDRIC,2024-08-29,tres confortable et legere je recommande,5
Sophie,2024-08-29,tres confortable,5
XAVIER,2024-08-29,correspond aux attentes pour le prix,4
ALBANE,2024-08-28,tres bon produit satisfaite,5
SYLVIE,2024-08-30,je suis decu par cet article jai un probleme de nevrome de morton et malheureusement avec ses chaussures il est impossible pour moi de faire des randonnees dans de bonnes conditions,5
brigitte,2024-08-28,confortable,5
Celine,2024-08-25,pour moi un classique,5
Carole,2024-08-25,bon amorti bon design bon rapport qualite prix couleur sympa seul bemol ne conviennent pas quand il fait humide,5
MONIQUE,2024-08-25,basket agreable a porter couleur sympa,4
Alexandre,2024-08-25,tres bon produit,5
Martine,2024-08-27,la pointure ne correspond pas trop juste jai du prendre la taille superieure cela reste un bon produit a voir dans la duree,4
Christelle,2024-08-25,bon maintien souple et tres legere,4
Beatrice,2024-08-24,bon produit agreable a porter,5
SANDRINE,2024-08-24,jolie le confort ok legere mais semelles glissantes sur sol humide comme certains trottoirs paves et carrelagedonc je ne recommande pas,5
Orianne,2024-08-24,chaussures legeres souplesse et confortables pour la marche en ville principalement,5
ANNABELLE,2024-08-24,chaussures adaptees au sport pratique marche,4
Marie Jose,2024-08-26,rad,5
Magalie,2024-08-23,niquel je les utilise pour le travail,5
Stephane,2024-08-21,bon produit,5
Fabienne,2024-08-21,chaussures confortables et legeres parfait pour de la rando sur terrain semi accidente en periode estivale et par temps sec,5
Denis,2024-08-20,ras,4
Christelle,2024-08-20,tres bon produit,5
Anne Marie,2024-08-19,tres agreable a porter comme des pantoufles,4
LAURENT,2024-08-19,bon rapport qualite prix,4
Sylvie,2024-08-18,tres satisfaite de mon achat,5
FRANCK,2024-08-18,tres bien,5
Solenne,2024-08-18,chaussures utilisees pour de la balade satisfaite de mon achat,5
SOPHIE,2024-08-16,tres legere poids et temperature lorsquil fait chaud,5
Jean-luc,2024-08-16,je recommande,4
Brigitte,2024-08-15,bien correct,4
Aleth Angèle,2024-08-15,il est parfait je me sans super a laise et vous le conseil je suis a ma deuxieme paire,5
STANISLAS,2024-08-14,on sy sent comme dans des chaussons,5
Nina,2024-08-14,je les utilise pour du renfo et cardio en interieur elles sont confortables et tiennent bien,5
Sandy,2024-08-14,tres bien pour le dpirt en salle de ma fille,5
Olivier,2024-08-13,baskets au rapport qualite prix imbattable,5
Corinne,2024-08-12,elles sont tres agreables a porter la semelle crantee accroche bien mais je naime pas trop le systeme dattaches en ruban qui remplace les oeillets perces directement dans la chaussure et jaurais aime que la languette monte un peu plus sur le pied quand je fais mes lacets ils se prennent dans la languette,4
Rodolphe,2024-08-11,bonne resistance aux differents terrains et activite,4
jolene,2024-08-10,paire utilisee pour de la zumba et ca convient tres bien,4
Carine,2024-08-09,les chaussures retrecissent au soleil mes orteils touchentle bout je ne peux plus les mettre apres quelques heures passees a marche au soleil,1
Mathilde,2024-08-09,tres bien,4
Laurence,2024-08-08,basket legere et tres confortable,5
SYLVIE,2024-08-08,tres bon produit,5
PHILIPPE,2024-08-08,bon rapport qualite prix je recommande,4
Sandra,2024-08-07,tres bon produit,5
Catherine,2024-08-07,premiere paire de baskets achetee et tres satisfaite de mon achat,5
Nathalie,2024-08-07,cest la eme fois que jachete ce modele antitranspirant leger tres bonne semelle je recommande,5
Sabine,2024-08-06,tres satisfaite,5
Nathalie,2024-08-06,super produit,5
Natacha,2024-08-06,je debute en running sans vouloir prendre le re prix et sans besoin dinvestir dans des chaussures trop onereuses cette paire est un bon compromis on ressent bien lamorti au sol pas de douleurs ni aux pieds ni aux genoux,5
Fabien,2024-08-06,qualite prix au top,4
Perrine,2024-08-06,legeres et pratiques,4
RICHARD,2024-08-04,c la deuxieme paire que jachete car jen suis tres contente tres confortable,5
ROBERT,2024-08-03,une chaussure qui convient parfaitement a ma forme de pied jen ai plusieurs que jutilise quotidiennement pour le sport comme pour le loisir,5
Alice,2024-08-03,tres satisfaite de ces chaussures pour une pratique reguliere du running sur chemin tres bon rapport qualite prix,5
Veronique,2024-08-03,bon produit,5
KILLIAN,2024-08-02,top,5
Aimie,2024-08-01,deja ma deuxieme paire achetee pas utilisee pour courir mais pour promener le chien plusieurs fois par jour de vrais chaussons mais j ai un petit doute concernant l amorti pour courir,5
Philippe,2024-07-31,bon produit pour debutant,5
CARLOS,2024-07-31,legere et agreable pour une reprise,4
Valérie,2024-07-30,jaime son look et son confort,5
Carine,2024-08-01,pas adapte a mon utilisation course a pied trail dessus,3
Michele,2024-07-30,des annees que jutilise tout les jours mes baskets km par jour toujours les memes,5
Christine,2024-07-29,taille petit,5
Matthieu,2024-07-31,jutilise ces baskets pour de la marche active en ville environ kmmois et du fitness achetee en mai dernier la semelle est deja bien usee donc ce sont de bonnes chaussures mais pour des entrees de gamme a eur et destinees au trail je trouve que cest vraiment juste en terme de longevite,5
Dominique,2024-07-28,tres confortable,4
Pierre,2024-07-26,super,5
Céline,2024-07-25,les chaussures sont agreables a porter et legeres,4
Isabelle,2024-07-25,je prends ses baskets pour ma fille pour le sport quelle pratique au lycee et en dehors baskets qui tiennent dans le temps le bemol tarif qui a augmente par rapport a lan dernier de euros,5
Virginie,2024-07-25,ideale bon amorti,5
Céline,2024-07-24,ras,4
AURELIE,2024-07-24,design bien mais pas assez rigide au niveau du talon cheville,3
patricia,2024-07-23,legere et confortable,4
Pascal,2024-07-23,parfait,5
Joël,2024-07-23,bonne qualite,5
Martine,2024-07-23,bonne accroche sur tout terrain me convient tres bien,5
Lydia,2024-07-25,bien,5
Cédric,2024-07-25,ma fille est enchantee,5
Roxane,2024-07-22,tres bien,5
FRANCK,2024-07-22,tres bon rapport qualite prix tres bien pour des randonnees simples et occasionnelles,5
Kathy,2024-07-25,paire achetee en fevrier et debut juin le tissu est deja troue a plusieurs endroits et les crampons ont quasiment disparu a acheter si vous ne faites pas de sport au final,2
farida,2024-07-22,semelle un peu glissante au sol,5
SEBASTIEN,2024-07-22,bonne chaussure,5
Eric,2024-07-21,tres confortables,4
Jean-luc,2024-07-23,basic,4
Rahimina,2024-07-20,bon produit,4
Valerie,2024-07-20,teste que sur km sinon pratique de la marche gym tonic zumba,5
SANDRINE,2024-07-20,super achat jen suis pleinement satisfaite je recommande fortement ces baskets,5
Patricia,2024-07-22,tres satisfaite de mes baskets aimerai des couleurs fluo orange jaune,5
Marine,2024-07-19,confortable pour les activites lete,5
Elodie,2024-07-19,confortable resistante bon maintien,5
Lydie,2024-07-18,excellent produit tres confortable,5
Monique,2024-07-17,tres contente de mon achat,5
Cindy,2024-07-17,bon article avec bon rapport qualite prix,4
PHILIPPE,2024-07-17,confortable,4
Virginie,2024-07-17,basique mais pratique pour commencer la course a pied,4
Clarisse,2024-07-18,pas bien dedans,2
Vincent,2024-07-15,comme dans le titre chaussures pratiques pour de la marche occasionnelle,5
CÉLINE,2024-07-15,tres bon basket tres confortable,5
Audrey,2024-07-14,bon produit,5
Laetitia,2024-07-14,probleme de pied j avais un doute sur le fait que c est chaussures me donne la possibilite de faire de la marche plus intense c est gagne pas de douleur pour le moment,5
Evelyne,2024-07-14,tres confortables bonne accroche sur chemins,5
Nadège,2024-07-14,les baskets sont confortables et legeres elles sont faites pour des coureurs occasionnels car lamorti du talon se tasse avec le temps,5
Ophélie,2024-07-14,super pour la marche ou rando facile,5
Carole,2024-07-13,bon produit,5
JOSE,2024-07-13,ras,4
Aline,2024-07-13,ras,5
marie,2024-07-12,qualite satisfaisante,4
Sara,2024-07-12,bonne basket mais pas resistant le risque au dessus sabime vite,5
PHILIPPE,2024-07-13,legere,5
CAROLE,2024-07-12,bon produit qui va durer longtemps ne lutilisant que heures par semeie,4
Claude,2024-07-12,conforme aux attentes,5
aude,2024-07-12,tres bon produit rapport qualite prix,4
Xavier,2024-07-11,tres bien,5
Céline,2024-07-11,tres bien pour porter tous les jours tres bien pour ballade ou petites randonnees pas assez techniques pour de la course a pieds mais pour le prix c est normal solides et ne se deforment pas facilement,4
Benoit,2024-07-11,bien,4
Maurice,2024-07-11,jai toujours une paire dommage que le modele femme ait toujours du rose jai pris une fois le modele bleu homme un peu plus large peutetre mais tout aussi bien,5
Chantal,2024-07-11,confortables et legeres,5
Annabelle,2024-07-10,contente,5
DIDIER,2024-07-10,tres bon produit,5
laurence,2024-07-09,jolie couleur et belle harmonie des couleurs semelle souple agreable a porter bon amorti,5
Karine,2024-07-10,bien pour le prix,3
Arnaud,2024-07-09,jai achete cette paire de running pour ma fille lors de notre passage en magasin laffiche vantait lamorti de la chaussure apres son premier running ma fille a confirme que lamorti etait vraiment bon pour le moment elle en est tres satisfaite,5
myriam,2024-07-08,achete pour ma reeducation tres satisfaite,4
Delphine,2024-07-08,baskets achetees fin mars les chaussures sont deja trouees au niveau du gros orteil tres mauvaise conception,1
Thierry,2024-07-08,les chaussures de running femme kalenji run active grip gris corail sont top achete pour travail avec les enfants ma compagne les adore elle le porte toujours en salle pour accompagne les enfants merci decathlon,5
Juliette,2024-07-08,bonne chaussure mais manque un peu damorti,4
